{"mc":{
	"gameOver":{
		"frameRate":24,
		"events":[
			
			],
		"frames":[
			
			{
			"res":"14F8726D",
			"x":290,
			"y":302
			},
			{
			"res":"C9E1C752",
			"x":288,
			"y":302
			},
			{
			"res":"392BE450",
			"x":288,
			"y":302
			},
			{
			"res":"21D0936F",
			"x":285,
			"y":300
			},
			{
			"res":"C581EB1F",
			"x":277,
			"y":288
			},
			{
			"res":"50317FAF",
			"x":281,
			"y":287
			},
			{
			"res":"30B7D2BE",
			"x":280,
			"y":280
			},
			{
			"res":"954731DF",
			"x":277,
			"y":272
			},
			{
			"res":"9613EE6B",
			"x":264,
			"y":272
			},
			{
			"res":"1EC1DDEA",
			"x":259,
			"y":270
			},
			{
			"res":"F7724CBE",
			"x":262,
			"y":270
			},
			{
			"res":"61CF6A93",
			"x":263,
			"y":269
			},
			{
			"res":"6B3E5B",
			"x":263,
			"y":254
			},
			{
			"res":"5BFC83FF",
			"x":257,
			"y":253
			},
			{
			"res":"ECC70120",
			"x":259,
			"y":259
			},
			{
			"res":"E11DB51C",
			"x":254,
			"y":253
			},
			{
			"res":"88A0E9B3",
			"x":236,
			"y":238
			},
			{
			"res":"F285131",
			"x":235,
			"y":244
			},
			{
			"res":"2C549C0E",
			"x":242,
			"y":233
			},
			{
			"res":"900A08E7",
			"x":241,
			"y":227
			},
			{
			"res":"AC72895D",
			"x":224,
			"y":228
			},
			{
			"res":"7136AD45",
			"x":232,
			"y":227
			},
			{
			"res":"395B6E6A",
			"x":223,
			"y":214
			},
			{
			"res":"2FD99464",
			"x":228,
			"y":209
			},
			{
			"res":"8E909468",
			"x":227,
			"y":211
			},
			{
			"res":"79337705",
			"x":223,
			"y":218
			},
			{
			"res":"F1CDF259",
			"x":205,
			"y":204
			},
			{
			"res":"E8C0DAF",
			"x":219,
			"y":209
			},
			{
			"res":"CCB8F586",
			"x":220,
			"y":195
			},
			{
			"res":"62327182",
			"x":192,
			"y":191
			},
			{
			"res":"76558C83",
			"x":191,
			"y":175
			},
			{
			"res":"8D5F0516",
			"x":198,
			"y":187
			},
			{
			"res":"3E0BEB37",
			"x":210,
			"y":178
			},
			{
			"res":"2B98AA83",
			"x":84,
			"y":101
			}
			]
}},
	"res":{
		"79337705":{"x":287,"y":535,"w":254,"h":298},
		"62327182":{"x":845,"y":343,"w":277,"h":323},
		"F1CDF259":{"x":845,"y":668,"w":261,"h":306},
		"ECC70120":{"x":1600,"y":0,"w":178,"h":209},
		"900A08E7":{"x":457,"y":1179,"w":216,"h":254},
		"30B7D2BE":{"x":675,"y":1418,"w":133,"h":156},
		"9613EE6B":{"x":996,"y":1226,"w":146,"h":172},
		"E11DB51C":{"x":1410,"y":0,"w":188,"h":222},
		"2C549C0E":{"x":996,"y":976,"w":212,"h":248},
		"50317FAF":{"x":543,"y":679,"w":132,"h":154},
		"5BFC83FF":{"x":1780,"y":0,"w":176,"h":206},
		"954731DF":{"x":675,"y":1253,"w":139,"h":163},
		"F285131":{"x":1124,"y":314,"w":200,"h":236},
		"8D5F0516":{"x":558,"y":343,"w":285,"h":334},
		"F7724CBE":{"x":1410,"y":224,"w":158,"h":185},
		"61CF6A93":{"x":1297,"y":552,"w":163,"h":191},
		"8E909468":{"x":263,"y":871,"w":254,"h":298},
		"C581EB1F":{"x":677,"y":679,"w":127,"h":148},
		"6B3E5B":{"x":1124,"y":552,"w":171,"h":201},
		"21D0936F":{"x":229,"y":1446,"w":120,"h":140},
		"C9E1C752":{"x":0,"y":1584,"w":108,"h":127},
		"2FD99464":{"x":519,"y":835,"w":239,"h":281},
		"88A0E9B3":{"x":1210,"y":0,"w":198,"h":232},
		"395B6E6A":{"x":760,"y":976,"w":234,"h":275},
		"CCB8F586":{"x":856,"y":0,"w":267,"h":312},
		"76558C83":{"x":0,"y":535,"w":285,"h":334},
		"392BE450":{"x":0,"y":1447,"w":115,"h":135},
		"7136AD45":{"x":0,"y":1179,"w":227,"h":266},
		"3E0BEB37":{"x":558,"y":0,"w":296,"h":341},
		"2B98AA83":{"x":0,"y":0,"w":556,"h":533},
		"1EC1DDEA":{"x":1108,"y":755,"w":151,"h":177},
		"AC72895D":{"x":229,"y":1179,"w":226,"h":265},
		"E8C0DAF":{"x":0,"y":871,"w":261,"h":306},
		"14F8726D":{"x":110,"y":1584,"w":108,"h":127}
	}}