{"mc":{
	"qs":{
		"frameRate":24,
		"events":[
			
			],
		"frames":[
			
			{
			"res":"57F268C1",
			"x":12,
			"y":19
			},
			{
			"res":"A807C146",
			"x":12,
			"y":19
			},
			{
			"res":"B15A29BF",
			"x":11,
			"y":18
			},
			{
			"res":"A9D3C982",
			"x":10,
			"y":17
			},
			{
			"res":"1BDF8A7",
			"x":9,
			"y":16
			},
			{
			"res":"E5CB1518",
			"x":8,
			"y":16
			},
			{
			"res":"EEC16EBC",
			"x":8,
			"y":15
			},
			{
			"res":"260B9253",
			"x":7,
			"y":15
			},
			{
			"res":"2708EB7E",
			"x":7,
			"y":14
			},
			{
			"res":"52D05FF1",
			"x":6,
			"y":14
			},
			{
			"res":"5E143F90",
			"x":5,
			"y":13
			},
			{
			"res":"D41DAF28",
			"x":5,
			"y":12
			},
			{
			"res":"8A827283",
			"x":5,
			"y":12
			},
			{
			"res":"D41DAF28",
			"x":5,
			"y":12
			},
			{
			"res":"5E143F90",
			"x":5,
			"y":13
			},
			{
			"res":"BD2AED00",
			"x":6,
			"y":13
			},
			{
			"res":"52D05FF1",
			"x":6,
			"y":14
			},
			{
			"res":"2708EB7E",
			"x":7,
			"y":14
			},
			{
			"res":"260B9253",
			"x":7,
			"y":15
			},
			{
			"res":"EEC16EBC",
			"x":8,
			"y":15
			},
			{
			"res":"E5CB1518",
			"x":8,
			"y":16
			},
			{
			"res":"1BDF8A7",
			"x":9,
			"y":16
			},
			{
			"res":"A9D3C982",
			"x":10,
			"y":17
			},
			{
			"res":"B15A29BF",
			"x":11,
			"y":18
			},
			{
			"res":"A807C146",
			"x":12,
			"y":19
			},
			{
			"res":"57F268C1",
			"x":12,
			"y":19
			}
			]
}},
	"res":{
		"EEC16EBC":{"x":262,"y":236,"w":125,"h":111},
		"B15A29BF":{"x":389,"y":226,"w":119,"h":104},
		"1BDF8A7":{"x":262,"y":349,"w":123,"h":108},
		"BD2AED00":{"x":134,"y":0,"w":129,"h":115},
		"2708EB7E":{"x":133,"y":236,"w":127,"h":113},
		"A9D3C982":{"x":387,"y":349,"w":121,"h":106},
		"A807C146":{"x":393,"y":115,"w":117,"h":103},
		"5E143F90":{"x":133,"y":119,"w":131,"h":115},
		"8A827283":{"x":0,"y":0,"w":132,"h":117},
		"57F268C1":{"x":0,"y":351,"w":117,"h":103},
		"E5CB1518":{"x":266,"y":115,"w":125,"h":109},
		"D41DAF28":{"x":0,"y":119,"w":131,"h":117},
		"52D05FF1":{"x":265,"y":0,"w":129,"h":113},
		"260B9253":{"x":0,"y":238,"w":127,"h":111}
	}}