{"mc":{
	"sp":{
		"frameRate":24,
		"events":[
			
			],
		"frames":[
			
			{
			"res":"621B752A",
			"x":27,
			"y":25
			},
			{
			"res":"32B89ADC",
			"x":25,
			"y":23
			},
			{
			"res":"A59E47AB",
			"x":22,
			"y":20
			},
			{
			"res":"DC42C0DB",
			"x":20,
			"y":18
			},
			{
			"res":"748B229A",
			"x":18,
			"y":16
			},
			{
			"res":"E469506B",
			"x":17,
			"y":15
			},
			{
			"res":"748B229A",
			"x":18,
			"y":16
			},
			{
			"res":"DC42C0DB",
			"x":20,
			"y":18
			},
			{
			"res":"A59E47AB",
			"x":22,
			"y":20
			},
			{
			"res":"32B89ADC",
			"x":25,
			"y":23
			},
			{
			"res":"621B752A",
			"x":27,
			"y":25
			}
			]
},"sd":{
		"frameRate":24,
		"events":[
			
			],
		"frames":[
			
			{
			"res":"EF46CE70",
			"x":27,
			"y":25
			},
			{
			"res":"44809ACC",
			"x":25,
			"y":23
			},
			{
			"res":"5FC768E5",
			"x":22,
			"y":20
			},
			{
			"res":"24BD48D0",
			"x":20,
			"y":18
			},
			{
			"res":"FB2716C0",
			"x":18,
			"y":16
			},
			{
			"res":"B76A0DFE",
			"x":17,
			"y":15
			},
			{
			"res":"FB2716C0",
			"x":18,
			"y":16
			},
			{
			"res":"24BD48D0",
			"x":20,
			"y":18
			},
			{
			"res":"5FC768E5",
			"x":22,
			"y":20
			},
			{
			"res":"44809ACC",
			"x":25,
			"y":23
			},
			{
			"res":"EF46CE70",
			"x":27,
			"y":25
			}
			]
},"hp":{
		"frameRate":24,
		"events":[
			
			],
		"frames":[
			
			{
			"res":"599CB752",
			"x":27,
			"y":25
			},
			{
			"res":"E0A0F52D",
			"x":25,
			"y":23
			},
			{
			"res":"F8F8C978",
			"x":22,
			"y":20
			},
			{
			"res":"B55319A5",
			"x":20,
			"y":18
			},
			{
			"res":"11E697D5",
			"x":18,
			"y":16
			},
			{
			"res":"42530AA1",
			"x":17,
			"y":15
			},
			{
			"res":"11E697D5",
			"x":18,
			"y":16
			},
			{
			"res":"B55319A5",
			"x":20,
			"y":18
			},
			{
			"res":"F8F8C978",
			"x":22,
			"y":20
			},
			{
			"res":"E0A0F52D",
			"x":25,
			"y":23
			},
			{
			"res":"599CB752",
			"x":27,
			"y":25
			}
			]
},"sz":{
		"frameRate":24,
		"events":[
			
			],
		"frames":[
			
			{
			"res":"9809EA13",
			"x":27,
			"y":25
			},
			{
			"res":"3C80BF63",
			"x":25,
			"y":23
			},
			{
			"res":"FDE6999E",
			"x":22,
			"y":20
			},
			{
			"res":"C7F62A25",
			"x":20,
			"y":18
			},
			{
			"res":"AB0F0B39",
			"x":18,
			"y":16
			},
			{
			"res":"898F1C20",
			"x":17,
			"y":15
			},
			{
			"res":"AB0F0B39",
			"x":18,
			"y":16
			},
			{
			"res":"C7F62A25",
			"x":20,
			"y":18
			},
			{
			"res":"FDE6999E",
			"x":22,
			"y":20
			},
			{
			"res":"3C80BF63",
			"x":25,
			"y":23
			},
			{
			"res":"9809EA13",
			"x":27,
			"y":25
			}
			]
}},
	"res":{
		"42530AA1":{"x":0,"y":0,"w":109,"h":112},
		"FDE6999E":{"x":207,"y":563,"w":98,"h":102},
		"24BD48D0":{"x":107,"y":456,"w":102,"h":105},
		"E0A0F52D":{"x":202,"y":771,"w":93,"h":96},
		"EF46CE70":{"x":111,"y":0,"w":88,"h":92},
		"A59E47AB":{"x":107,"y":563,"w":98,"h":102},
		"3C80BF63":{"x":392,"y":771,"w":93,"h":96},
		"AB0F0B39":{"x":0,"y":456,"w":105,"h":109},
		"B76A0DFE":{"x":0,"y":114,"w":109,"h":112},
		"898F1C20":{"x":0,"y":228,"w":109,"h":112},
		"5FC768E5":{"x":107,"y":667,"w":98,"h":102},
		"E469506B":{"x":0,"y":342,"w":109,"h":112},
		"DC42C0DB":{"x":0,"y":900,"w":102,"h":105},
		"11E697D5":{"x":0,"y":567,"w":105,"h":109},
		"599CB752":{"x":312,"y":869,"w":88,"h":92},
		"F8F8C978":{"x":207,"y":667,"w":98,"h":102},
		"FB2716C0":{"x":0,"y":678,"w":105,"h":109},
		"9809EA13":{"x":402,"y":869,"w":88,"h":92},
		"B55319A5":{"x":104,"y":900,"w":102,"h":105},
		"621B752A":{"x":111,"y":94,"w":88,"h":92},
		"44809ACC":{"x":107,"y":771,"w":93,"h":96},
		"C7F62A25":{"x":208,"y":900,"w":102,"h":105},
		"32B89ADC":{"x":297,"y":771,"w":93,"h":96},
		"748B229A":{"x":0,"y":789,"w":105,"h":109}
	}}