{"mc":{
	"sd":{
		"frameRate":24,
		"events":[
			
			],
		"frames":[
			
			{
			"res":"E6F89D71",
			"x":26,
			"y":20
			},
			{
			"res":"697E0CA1",
			"x":25,
			"y":18
			},
			{
			"res":"DABD64DD",
			"x":24,
			"y":17
			},
			{
			"res":"58469AC4",
			"x":23,
			"y":15
			},
			{
			"res":"473DAF51",
			"x":22,
			"y":14
			},
			{
			"res":"7CA80640",
			"x":20,
			"y":12
			},
			{
			"res":"473DAF51",
			"x":22,
			"y":14
			},
			{
			"res":"58469AC4",
			"x":23,
			"y":15
			},
			{
			"res":"DABD64DD",
			"x":24,
			"y":17
			},
			{
			"res":"697E0CA1",
			"x":25,
			"y":18
			},
			{
			"res":"E6F89D71",
			"x":26,
			"y":20
			}
			]
},"hp":{
		"frameRate":24,
		"events":[
			
			],
		"frames":[
			
			{
			"res":"8AC33CAA",
			"x":26,
			"y":20
			},
			{
			"res":"BF7DB364",
			"x":25,
			"y":18
			},
			{
			"res":"6C4CF97A",
			"x":24,
			"y":17
			},
			{
			"res":"9942703F",
			"x":23,
			"y":15
			},
			{
			"res":"4AB439FE",
			"x":22,
			"y":14
			},
			{
			"res":"EB6C660E",
			"x":20,
			"y":12
			},
			{
			"res":"4AB439FE",
			"x":22,
			"y":14
			},
			{
			"res":"9942703F",
			"x":23,
			"y":15
			},
			{
			"res":"6C4CF97A",
			"x":24,
			"y":17
			},
			{
			"res":"BF7DB364",
			"x":25,
			"y":18
			},
			{
			"res":"8AC33CAA",
			"x":26,
			"y":20
			}
			]
},"sz":{
		"frameRate":24,
		"events":[
			
			],
		"frames":[
			
			{
			"res":"B45D49FE",
			"x":26,
			"y":20
			},
			{
			"res":"8B6BB64B",
			"x":25,
			"y":18
			},
			{
			"res":"F62945CA",
			"x":24,
			"y":17
			},
			{
			"res":"6BE5DE7E",
			"x":23,
			"y":15
			},
			{
			"res":"7310E4B9",
			"x":22,
			"y":14
			},
			{
			"res":"BCB865D1",
			"x":20,
			"y":12
			},
			{
			"res":"7310E4B9",
			"x":22,
			"y":14
			},
			{
			"res":"6BE5DE7E",
			"x":23,
			"y":15
			},
			{
			"res":"F62945CA",
			"x":24,
			"y":17
			},
			{
			"res":"8B6BB64B",
			"x":25,
			"y":18
			},
			{
			"res":"B45D49FE",
			"x":26,
			"y":20
			}
			]
},"sp":{
		"frameRate":24,
		"events":[
			
			],
		"frames":[
			
			{
			"res":"CF652877",
			"x":26,
			"y":20
			},
			{
			"res":"496450BF",
			"x":25,
			"y":18
			},
			{
			"res":"247113D1",
			"x":24,
			"y":17
			},
			{
			"res":"7887F8B",
			"x":23,
			"y":15
			},
			{
			"res":"5B15FD1E",
			"x":22,
			"y":14
			},
			{
			"res":"C1465096",
			"x":20,
			"y":12
			},
			{
			"res":"5B15FD1E",
			"x":22,
			"y":14
			},
			{
			"res":"7887F8B",
			"x":23,
			"y":15
			},
			{
			"res":"247113D1",
			"x":24,
			"y":17
			},
			{
			"res":"496450BF",
			"x":25,
			"y":18
			},
			{
			"res":"CF652877",
			"x":26,
			"y":20
			}
			]
}},
	"res":{
		"7CA80640":{"x":0,"y":0,"w":105,"h":119},
		"F62945CA":{"x":107,"y":0,"w":97,"h":110},
		"8AC33CAA":{"x":302,"y":105,"w":92,"h":103},
		"58469AC4":{"x":104,"y":484,"w":99,"h":113},
		"8B6BB64B":{"x":206,"y":110,"w":94,"h":108},
		"6C4CF97A":{"x":107,"y":224,"w":97,"h":110},
		"5B15FD1E":{"x":0,"y":720,"w":102,"h":116},
		"CF652877":{"x":206,"y":330,"w":92,"h":103},
		"DABD64DD":{"x":107,"y":112,"w":97,"h":110},
		"BCB865D1":{"x":0,"y":121,"w":105,"h":119},
		"247113D1":{"x":107,"y":336,"w":97,"h":110},
		"496450BF":{"x":206,"y":220,"w":94,"h":108},
		"C1465096":{"x":0,"y":242,"w":105,"h":119},
		"4AB439FE":{"x":0,"y":484,"w":102,"h":116},
		"697E0CA1":{"x":205,"y":448,"w":94,"h":108},
		"BF7DB364":{"x":206,"y":0,"w":94,"h":108},
		"7887F8B":{"x":104,"y":714,"w":99,"h":113},
		"9942703F":{"x":104,"y":829,"w":99,"h":113},
		"E6F89D71":{"x":300,"y":330,"w":92,"h":103},
		"7310E4B9":{"x":0,"y":602,"w":102,"h":116},
		"6BE5DE7E":{"x":104,"y":599,"w":99,"h":113},
		"EB6C660E":{"x":0,"y":363,"w":105,"h":119},
		"B45D49FE":{"x":302,"y":0,"w":92,"h":103},
		"473DAF51":{"x":0,"y":838,"w":102,"h":116}
	}}