{"mc":{
	"qs":{
		"frameRate":24,
		"events":[
			
			],
		"frames":[
			
			{
			"res":"FFA569BF",
			"x":26,
			"y":20
			},
			{
			"res":"B50E4AE8",
			"x":25,
			"y":18
			},
			{
			"res":"E2187CB1",
			"x":24,
			"y":17
			},
			{
			"res":"311575A",
			"x":23,
			"y":15
			},
			{
			"res":"A8C1A8C8",
			"x":22,
			"y":14,
			"duration":3
			},
			{
			"res":"311575A",
			"x":23,
			"y":15
			},
			{
			"res":"E2187CB1",
			"x":24,
			"y":17
			},
			{
			"res":"B50E4AE8",
			"x":25,
			"y":18
			},
			{
			"res":"FFA569BF",
			"x":26,
			"y":20
			}
			]
}},
	"res":{
		"311575A":{"x":0,"y":118,"w":99,"h":113},
		"E2187CB1":{"x":0,"y":233,"w":97,"h":110},
		"FFA569BF":{"x":96,"y":345,"w":92,"h":103},
		"B50E4AE8":{"x":0,"y":345,"w":94,"h":108},
		"A8C1A8C8":{"x":0,"y":0,"w":102,"h":116}
	}}