{"mc":{
	"sd":{
		"frameRate":24,
		"events":[
			
			],
		"frames":[
			
			{
			"res":"AC2F88CF",
			"x":27,
			"y":23
			},
			{
			"res":"EAF16D1E",
			"x":26,
			"y":21
			},
			{
			"res":"2AAF64CD",
			"x":24,
			"y":19
			},
			{
			"res":"39422FCA",
			"x":22,
			"y":17
			},
			{
			"res":"60516C74",
			"x":20,
			"y":15
			},
			{
			"res":"60F50D15",
			"x":19,
			"y":14
			},
			{
			"res":"67846DE",
			"x":18,
			"y":13
			},
			{
			"res":"252BF71A",
			"x":18,
			"y":11
			},
			{
			"res":"6EC5202C",
			"x":19,
			"y":13
			},
			{
			"res":"60F50D15",
			"x":19,
			"y":14
			},
			{
			"res":"60516C74",
			"x":20,
			"y":15
			},
			{
			"res":"39422FCA",
			"x":22,
			"y":17
			},
			{
			"res":"2AAF64CD",
			"x":24,
			"y":19
			},
			{
			"res":"EAF16D1E",
			"x":26,
			"y":21
			},
			{
			"res":"AC2F88CF",
			"x":27,
			"y":23
			}
			]
},"hp":{
		"frameRate":24,
		"events":[
			
			],
		"frames":[
			
			{
			"res":"6EC38075",
			"x":27,
			"y":23
			},
			{
			"res":"1BD5D7B8",
			"x":26,
			"y":21
			},
			{
			"res":"6D8D166C",
			"x":24,
			"y":19
			},
			{
			"res":"2E0102CB",
			"x":22,
			"y":17
			},
			{
			"res":"1C333F06",
			"x":20,
			"y":15
			},
			{
			"res":"5E661A9",
			"x":19,
			"y":14
			},
			{
			"res":"4B88DAF8",
			"x":18,
			"y":13
			},
			{
			"res":"C1D20C14",
			"x":18,
			"y":11
			},
			{
			"res":"ABB73034",
			"x":19,
			"y":13
			},
			{
			"res":"5E661A9",
			"x":19,
			"y":14
			},
			{
			"res":"1C333F06",
			"x":20,
			"y":15
			},
			{
			"res":"2E0102CB",
			"x":22,
			"y":17
			},
			{
			"res":"6D8D166C",
			"x":24,
			"y":19
			},
			{
			"res":"1BD5D7B8",
			"x":26,
			"y":21
			},
			{
			"res":"6EC38075",
			"x":27,
			"y":23
			}
			]
},"sz":{
		"frameRate":24,
		"events":[
			
			],
		"frames":[
			
			{
			"res":"3F9EA6ED",
			"x":27,
			"y":23
			},
			{
			"res":"8DE3B13B",
			"x":26,
			"y":21
			},
			{
			"res":"BBCE57C9",
			"x":24,
			"y":19
			},
			{
			"res":"D98AA9C0",
			"x":22,
			"y":17
			},
			{
			"res":"FC0F86F1",
			"x":20,
			"y":15
			},
			{
			"res":"E8B845C1",
			"x":19,
			"y":14
			},
			{
			"res":"9BC86B8A",
			"x":18,
			"y":13
			},
			{
			"res":"4EB88F6B",
			"x":18,
			"y":11
			},
			{
			"res":"C28E5106",
			"x":19,
			"y":13
			},
			{
			"res":"E8B845C1",
			"x":19,
			"y":14
			},
			{
			"res":"FC0F86F1",
			"x":20,
			"y":15
			},
			{
			"res":"D98AA9C0",
			"x":22,
			"y":17
			},
			{
			"res":"BBCE57C9",
			"x":24,
			"y":19
			},
			{
			"res":"8DE3B13B",
			"x":26,
			"y":21
			},
			{
			"res":"3F9EA6ED",
			"x":27,
			"y":23
			}
			]
},"sp":{
		"frameRate":24,
		"events":[
			
			],
		"frames":[
			
			{
			"res":"1B2B9503",
			"x":27,
			"y":23
			},
			{
			"res":"A35176BA",
			"x":26,
			"y":21
			},
			{
			"res":"8507C52F",
			"x":24,
			"y":19
			},
			{
			"res":"71DFF1E7",
			"x":22,
			"y":17
			},
			{
			"res":"36DBB5EF",
			"x":20,
			"y":15
			},
			{
			"res":"5A87ADC0",
			"x":19,
			"y":14
			},
			{
			"res":"10625513",
			"x":18,
			"y":13
			},
			{
			"res":"9057CCF",
			"x":18,
			"y":11
			},
			{
			"res":"1B18B234",
			"x":19,
			"y":13
			},
			{
			"res":"5A87ADC0",
			"x":19,
			"y":14
			},
			{
			"res":"36DBB5EF",
			"x":20,
			"y":15
			},
			{
			"res":"71DFF1E7",
			"x":22,
			"y":17
			},
			{
			"res":"8507C52F",
			"x":24,
			"y":19
			},
			{
			"res":"A35176BA",
			"x":26,
			"y":21
			},
			{
			"res":"1B2B9503",
			"x":27,
			"y":23
			}
			]
}},
	"res":{
		"10625513":{"x":96,"y":488,"w":94,"h":117},
		"3F9EA6ED":{"x":284,"y":526,"w":81,"h":98},
		"1B18B234":{"x":96,"y":607,"w":94,"h":117},
		"E8B845C1":{"x":99,"y":232,"w":92,"h":114},
		"9057CCF":{"x":0,"y":0,"w":97,"h":120},
		"4EB88F6B":{"x":0,"y":122,"w":97,"h":120},
		"60F50D15":{"x":99,"y":348,"w":92,"h":114},
		"1BD5D7B8":{"x":282,"y":214,"w":83,"h":102},
		"60516C74":{"x":192,"y":577,"w":90,"h":111},
		"5A87ADC0":{"x":99,"y":116,"w":92,"h":114},
		"4B88DAF8":{"x":0,"y":488,"w":94,"h":117},
		"ABB73034":{"x":0,"y":607,"w":94,"h":117},
		"6EC38075":{"x":369,"y":0,"w":81,"h":98},
		"39422FCA":{"x":193,"y":109,"w":87,"h":107},
		"6EC5202C":{"x":0,"y":726,"w":94,"h":117},
		"9BC86B8A":{"x":0,"y":845,"w":94,"h":117},
		"252BF71A":{"x":0,"y":244,"w":97,"h":120},
		"5E661A9":{"x":99,"y":0,"w":92,"h":114},
		"BBCE57C9":{"x":192,"y":916,"w":85,"h":105},
		"FC0F86F1":{"x":192,"y":690,"w":90,"h":111},
		"EAF16D1E":{"x":282,"y":318,"w":83,"h":102},
		"2AAF64CD":{"x":282,"y":0,"w":85,"h":105},
		"1C333F06":{"x":192,"y":803,"w":90,"h":111},
		"8507C52F":{"x":279,"y":916,"w":85,"h":105},
		"AC2F88CF":{"x":367,"y":318,"w":81,"h":98},
		"36DBB5EF":{"x":192,"y":464,"w":90,"h":111},
		"1B2B9503":{"x":369,"y":100,"w":81,"h":98},
		"D98AA9C0":{"x":193,"y":218,"w":87,"h":107},
		"71DFF1E7":{"x":193,"y":327,"w":87,"h":107},
		"2E0102CB":{"x":193,"y":0,"w":87,"h":107},
		"C1D20C14":{"x":0,"y":366,"w":97,"h":120},
		"A35176BA":{"x":367,"y":214,"w":83,"h":102},
		"67846DE":{"x":96,"y":726,"w":94,"h":117},
		"C28E5106":{"x":96,"y":845,"w":94,"h":117},
		"8DE3B13B":{"x":284,"y":422,"w":83,"h":102},
		"6D8D166C":{"x":282,"y":107,"w":85,"h":105}
	}}