{"mc":{
	"sd":{
		"frameRate":24,
		"events":[
			
			],
		"frames":[
			
			{
			"res":"1C9B226C",
			"x":30,
			"y":24
			},
			{
			"res":"27DC2524",
			"x":28,
			"y":22
			},
			{
			"res":"C3CA4B99",
			"x":26,
			"y":20
			},
			{
			"res":"75610A01",
			"x":25,
			"y":19
			},
			{
			"res":"33C7295F",
			"x":24,
			"y":18
			},
			{
			"res":"11DB8C4E",
			"x":22,
			"y":16
			},
			{
			"res":"33C7295F",
			"x":24,
			"y":18
			},
			{
			"res":"75610A01",
			"x":25,
			"y":19
			},
			{
			"res":"C3CA4B99",
			"x":26,
			"y":20
			},
			{
			"res":"27DC2524",
			"x":28,
			"y":22
			},
			{
			"res":"1C9B226C",
			"x":30,
			"y":24
			}
			]
},"hp":{
		"frameRate":24,
		"events":[
			
			],
		"frames":[
			
			{
			"res":"E8392A5C",
			"x":30,
			"y":24
			},
			{
			"res":"BAE4BB01",
			"x":28,
			"y":22
			},
			{
			"res":"42D9C5B1",
			"x":26,
			"y":20
			},
			{
			"res":"23F2F77",
			"x":25,
			"y":19
			},
			{
			"res":"41021F7A",
			"x":24,
			"y":18
			},
			{
			"res":"F7D21389",
			"x":22,
			"y":16
			},
			{
			"res":"41021F7A",
			"x":24,
			"y":18
			},
			{
			"res":"23F2F77",
			"x":25,
			"y":19
			},
			{
			"res":"42D9C5B1",
			"x":26,
			"y":20
			},
			{
			"res":"BAE4BB01",
			"x":28,
			"y":22
			},
			{
			"res":"E8392A5C",
			"x":30,
			"y":24
			}
			]
},"sz":{
		"frameRate":24,
		"events":[
			
			],
		"frames":[
			
			{
			"res":"15BF7F6C",
			"x":30,
			"y":24
			},
			{
			"res":"CD875913",
			"x":28,
			"y":22
			},
			{
			"res":"9BE91D58",
			"x":26,
			"y":20
			},
			{
			"res":"67C83DD6",
			"x":25,
			"y":19
			},
			{
			"res":"A633C2D7",
			"x":24,
			"y":18
			},
			{
			"res":"6E963A3",
			"x":22,
			"y":16
			},
			{
			"res":"A633C2D7",
			"x":24,
			"y":18
			},
			{
			"res":"67C83DD6",
			"x":25,
			"y":19
			},
			{
			"res":"9BE91D58",
			"x":26,
			"y":20
			},
			{
			"res":"CD875913",
			"x":28,
			"y":22
			},
			{
			"res":"15BF7F6C",
			"x":30,
			"y":24
			}
			]
},"sp":{
		"frameRate":24,
		"events":[
			
			],
		"frames":[
			
			{
			"res":"732863DD",
			"x":30,
			"y":24
			},
			{
			"res":"37DB545",
			"x":28,
			"y":22
			},
			{
			"res":"8C04126",
			"x":26,
			"y":20
			},
			{
			"res":"94CF4056",
			"x":25,
			"y":19
			},
			{
			"res":"5ED951F2",
			"x":24,
			"y":18
			},
			{
			"res":"5F4B0EED",
			"x":22,
			"y":16
			},
			{
			"res":"5ED951F2",
			"x":24,
			"y":18
			},
			{
			"res":"94CF4056",
			"x":25,
			"y":19
			},
			{
			"res":"8C04126",
			"x":26,
			"y":20
			},
			{
			"res":"37DB545",
			"x":28,
			"y":22
			},
			{
			"res":"732863DD",
			"x":30,
			"y":24
			}
			]
}},
	"res":{
		"8C04126":{"x":100,"y":544,"w":93,"h":100},
		"E8392A5C":{"x":382,"y":846,"w":86,"h":92},
		"F7D21389":{"x":0,"y":0,"w":101,"h":108},
		"11DB8C4E":{"x":0,"y":110,"w":101,"h":108},
		"732863DD":{"x":103,"y":94,"w":86,"h":92},
		"27DC2524":{"x":192,"y":748,"w":90,"h":96},
		"5ED951F2":{"x":0,"y":547,"w":98,"h":105},
		"C3CA4B99":{"x":195,"y":544,"w":93,"h":100},
		"42D9C5B1":{"x":195,"y":646,"w":93,"h":100},
		"CD875913":{"x":100,"y":748,"w":90,"h":96},
		"15BF7F6C":{"x":103,"y":0,"w":86,"h":92},
		"5F4B0EED":{"x":0,"y":220,"w":101,"h":108},
		"1C9B226C":{"x":294,"y":846,"w":86,"h":92},
		"33C7295F":{"x":0,"y":440,"w":98,"h":105},
		"67C83DD6":{"x":98,"y":868,"w":96,"h":102},
		"6E963A3":{"x":0,"y":330,"w":101,"h":108},
		"94CF4056":{"x":100,"y":440,"w":96,"h":102},
		"23F2F77":{"x":0,"y":868,"w":96,"h":102},
		"A633C2D7":{"x":0,"y":654,"w":98,"h":105},
		"BAE4BB01":{"x":284,"y":748,"w":90,"h":96},
		"75610A01":{"x":196,"y":868,"w":96,"h":102},
		"9BE91D58":{"x":100,"y":646,"w":93,"h":100},
		"41021F7A":{"x":0,"y":761,"w":98,"h":105},
		"37DB545":{"x":376,"y":748,"w":90,"h":96}
	}}